date,actual,prediction,residual
2021-12-27,-0.00576725189575622,0.003578511018009878,0.009345762913766098
2021-12-28,0.0005020447322792165,0.008704353892242667,0.00820230915996345
2021-12-29,-0.006578257901939555,0.003901472671914638,0.010479730573854193
2021-12-30,-0.0035352953693170708,0.00298920850441943,0.006524503873736501
2021-12-31,0.025004150472947684,0.01053037632587879,-0.014473774147068894
2022-01-03,-0.012691597320536152,0.014530102885169961,0.027221700205706113
2022-01-04,-0.02659988236212174,0.009462936451181847,0.03606281881330359
2022-01-05,-0.016693335236175,0.002368798112435358,0.019062133348610358
2022-01-06,0.0009883614473564784,0.01569885949881448,0.014710498051458
2022-01-07,0.00011618907285648739,0.0078763226815384,0.007760133608681913
2022-01-10,0.016783781570778755,-0.005767414781147603,-0.02255119635192636
2022-01-11,0.0025702361408266317,-0.005557402241310863,-0.008127638382137495
2022-01-12,-0.019028065636177538,0.007853248871704022,0.02688131450788156
2022-01-13,0.005110661887074208,0.006900683709918323,0.001790021822844115
2022-01-14,-0.018894112983626976,0.006704373104427883,0.02559848608805486
2022-01-18,-0.021024777738847034,0.0003254648713689884,0.021350242610216022
2022-01-19,-0.010347117036099251,0.0022459627803589483,0.0125930798164582
2022-01-20,-0.01276512622240289,0.014625096899445078,0.027390223121847967
2022-01-21,-0.00486428500159064,0.017928543455908545,0.022792828457499185
2022-01-24,-0.011384707297859231,-0.01854449251362872,-0.0071597852157694875
2022-01-25,-0.0005632515870458432,0.010763662170942254,0.011326913757988097
2022-01-26,-0.0029432100539642514,-0.0022386281932026825,0.0007045818607615689
2022-01-27,0.06977766942076213,0.002688175268863377,-0.06708949415189876
2022-01-28,0.026125737688043937,-0.014774300806270305,-0.04090003849431424
2022-01-31,-0.0009726408635577499,-0.006991715141370494,-0.006019074277812744
2022-02-01,0.007044245594408194,-0.013631313701184311,-0.020675559295592505
2022-02-02,-0.016719759455390393,-0.010943192649892672,0.005776566805497721
2022-02-03,-0.0029496502304173777,-0.0011907839557705746,0.0017588662746468031
2022-02-04,-0.004234559603942367,-0.007325651303760866,-0.003091091699818499
2022-02-07,0.018466725511581794,-0.0031832317059360543,-0.02164995721751785
2022-02-08,0.008293753549481586,-0.0023445819769697257,-0.010638335526451312
2022-02-09,-0.02359884099680365,0.0015845975739452872,0.025183438570748937
2022-02-10,-0.020218427993619836,0.02948662626880893,0.049705054262428765
2022-02-11,0.0014231824835904128,0.02398206893239354,0.022558886448803127
2022-02-14,0.023152465006342826,0.01838328071602223,-0.004769184290320597
2022-02-15,-0.0013889128057177347,0.00953834957836501,0.010927262384082745
2022-02-16,-0.021269186346200564,0.0053225947539898705,0.026591781100190434
2022-02-17,-0.009355766137921773,0.023660066371181253,0.033015832509103026
2022-02-18,-0.017812287347162448,0.021200276820193265,0.03901256416735571
2022-02-22,-0.02586416632525068,0.02412860857913511,0.04999277490438579
2022-02-23,0.01668019020913314,0.023951130434173233,0.007270940225040094
2022-02-24,0.012965469700934706,-6.48344566074599e-06,-0.012971953146595452
2022-02-25,0.0016377858882354879,-0.005581532507010309,-0.007219318395245797
2022-02-28,-0.011627896231359958,0.0001791950228919592,0.011807091254251917
2022-03-01,0.02058823941900667,0.0043917806970440315,-0.01619645872196264
2022-03-02,-0.001981279033932526,-0.00833284695739106,-0.006351567923458534
2022-03-03,-0.01840821534766368,-0.007895330346505261,0.01051288500115842
2022-03-04,-0.02371756548762427,-0.005126067797787237,0.018591497689837033
2022-03-07,-0.011676086470301161,0.006893072603991482,0.018569159074292643
2022-03-08,0.034997423916368176,0.015728775411843893,-0.019268648504524283
2022-03-09,-0.027186209013482565,-0.006190502198787737,0.02099570681469483
2022-03-10,-0.02390870831928371,-0.0017649740659355512,0.02214373425334816
2022-03-11,-0.026562403695717718,0.013777627212790952,0.04034003090850867
2022-03-14,0.029677342754030223,0.0323862865235618,0.0027089437695315757
2022-03-15,0.02901541109199557,0.0076508753845335176,-0.02136453570746205
2022-03-16,0.006454030972694147,-0.013195377029379896,-0.019649408002074042
2022-03-17,0.020918943546848645,-0.0016490397348186692,-0.022567983281667314
2022-03-18,0.008537682593916074,-0.0006414368741710363,-0.00917911946808711
2022-03-21,0.0208005946295855,0.0059486567216640585,-0.014851937907921442
2022-03-22,0.008233617636201895,-0.0038087353263054624,-0.012042352962507358
2022-03-23,0.02267787120671727,-0.006156021506706702,-0.028833892713423973
2022-03-24,0.003734094727035453,-0.01622452747068477,-0.019958622197720224
2022-03-25,0.005036657947940837,-0.011523756779343322,-0.01656041472728416
2022-03-28,0.019134399166084615,-0.00070145206427423,-0.019835851230358845
2022-03-29,-0.006649544014093012,-0.002081978931126993,0.004567565082966019
2022-03-30,-0.017775797863323284,0.0029869573291019663,0.02076275519242525
2022-03-31,-0.0017181321270783867,0.013467891532641246,0.015186023659719633
2022-04-01,0.023693448113463633,0.007591590919384536,-0.016101857194079097
2022-04-04,-0.018941968373500706,0.013735450780543723,0.03267741915404443
2022-04-05,-0.018450792714411857,0.02048523281283563,0.03893602552724749
2022-04-06,0.0018040944846089424,0.022285419734832487,0.020481325250223545
2022-04-07,-0.01190892912179875,0.019512949163073674,0.031421878284872425
2022-04-08,-0.025515882364234077,0.014989819798638684,0.04050570216287276
2022-04-11,0.01152340067637625,0.016686885662430227,0.0051634849860539775
2022-04-12,0.016342539511671417,0.011471822976129767,-0.00487071653554165
2022-04-13,-0.02998826756681583,0.0073282540352220815,0.03731652160203791
2022-04-14,-0.0013309091345490298,0.012090930091915794,0.013421839226464824
2022-04-18,0.014115141872437453,0.013861441722604707,-0.00025370014983274597
2022-04-19,-0.0010155207595194948,0.0013254267117819435,0.0023409474713014383
2022-04-20,-0.004843614060203949,-8.540067973850096e-06,0.004835073992230099
2022-04-21,-0.02782120498590701,0.013261649433937976,0.04108285441984499
2022-04-22,0.006737200333224225,0.011772665351311024,0.005035465018086799
2022-04-25,-0.03732810442527357,-0.0045866167024885135,0.032741487722785054
2022-04-26,-0.001466809458308127,0.01567293184399461,0.01713974130230274
2022-04-27,0.04515546870218534,0.02104691950328997,-0.024108549198895372
2022-04-28,-0.036604775821961866,0.002944553726521651,0.03954932954848352
2022-04-29,0.0019664626031408172,0.03324625725088074,0.031279794647739924
2022-05-02,0.009622619328101267,-0.00802246780639082,-0.017645087134492088
2022-05-03,0.0410083315784322,0.005938088651682313,-0.03507024292674989
2022-05-04,-0.05571617733980727,-0.00024987523083547236,0.0554663021089718
2022-05-05,0.0032531383104996703,-0.0036505857134549735,-0.006903724023954644
2022-05-06,-0.03318922470255159,0.00870758544904611,0.0418968101515977
2022-05-09,0.01611204121779708,0.02118044078376121,0.005068399565964131
2022-05-10,-0.05184127106082803,0.014220175186171455,0.06606144624699949
2022-05-11,-0.026894214617107504,0.04265560352068682,0.06954981813779432
2022-05-12,0.03191640803646689,0.030479872625553087,-0.0014365354109138057
2022-05-13,-0.010672335787539122,0.016053574587710673,0.026725910375249795
2022-05-16,0.02542264929033622,0.035929448815606155,0.010506799525269936
2022-05-17,-0.056419176219683176,0.004106518318969965,0.06052569453865314
2022-05-18,-0.024641393553644142,0.034828954388986914,0.059470347942631056
2022-05-19,0.0017472895792529641,0.052784828889579874,0.05103753931032691
2022-05-20,0.04011922682885327,0.01574125260001355,-0.02437797422883972
2022-05-23,-0.019215987619813357,0.01782119396623482,0.03703718158604818
2022-05-24,0.0011399519906925004,0.014270734484169947,0.013130782493477447
2022-05-25,0.02319950475175747,0.036558898651148634,0.013359393899391163
2022-05-26,0.04075671623385313,0.02456081646446738,-0.01619589976938575
2022-05-27,-0.005346184543042365,0.008255314466123001,0.013601499009165366
2022-05-31,-0.0008733514325567349,0.007372293296803209,0.008245644729359944
2022-06-01,0.016811242600575316,0.00886888101183661,-0.007942361588738706
2022-06-02,-0.03855566147871903,0.006580232968164054,0.04513589444688308
2022-06-03,0.005227641225136415,0.02834918318513923,0.023121541960002816
2022-06-06,0.017585926747997416,0.02752032513856007,0.009934398390562656
2022-06-07,-0.005043372780172639,0.02257817975627787,0.02762155253645051
2022-06-08,-0.0359557115626985,0.042366454264869985,0.07832216582756849
2022-06-09,-0.038628677302390724,0.059069424186744005,0.09769810148913473
2022-06-10,-0.03828483784046022,0.06686819294869502,0.10515303078915524
2022-06-13,0.006672653862921818,0.0792735240529997,0.07260087019007788
2022-06-14,0.020111466401181888,0.04778058364147502,0.027669117240293133
2022-06-15,-0.039651446559871295,0.036816824970264984,0.07646827153013627
2022-06-16,0.011533138767930717,0.050797193804912114,0.039264055036981396
2022-06-17,0.032760699593918474,0.04437565750495453,0.011614957911036054
2022-06-21,-0.003827107031419197,0.026114294858845512,0.02994140189026471
2022-06-22,0.021573683319320303,0.01779423245651713,-0.003779450862803173
2022-06-23,0.024517243689154977,-0.0018462623854773458,-0.026363506074632323
2022-06-24,0.0,0.00907590325440115,0.00907590325440115
2022-06-27,-0.029789645006425114,0.00643965930771391,0.036229304314139024
2022-06-28,0.013023815878466127,0.01218813272733306,-0.0008356831511330681
2022-06-29,-0.01802768500939822,0.005384732509839757,0.023412417519237977
2022-06-30,0.016164360995803317,-0.0018816405929113766,-0.018046001588714694
2022-07-01,0.018930432746441683,0.007208985381739377,-0.011721447364702306
2022-07-05,0.009607238159132114,0.004846940502552341,-0.004760297656579773
2022-07-06,0.02399949607133145,0.01605695035498214,-0.007942545716349309
2022-07-07,0.004714637197412497,0.01115475740135037,0.006440120203937874
2022-07-08,-0.014757877230874183,0.014525414412654002,0.029283291643528185
2022-07-11,0.006833751132270249,0.012752679984752324,0.005918928852482075
2022-07-12,-0.0025366455206311533,0.02258161801568402,0.025118263536315175
2022-07-13,0.0204824772494705,0.015344961457318576,-0.005137515792151923
2022-07-14,0.011450103955445545,0.0026661078241090597,-0.008783996131336486
2022-07-15,-0.020643210245224752,0.008388209845827152,0.029031420091051904
2022-07-18,0.026721917998667744,0.015777954898493526,-0.010943963100174217
2022-07-19,0.013509889312137924,-0.0025472857004755906,-0.016057175012613514
2022-07-20,0.015094177461599134,0.002253695911478726,-0.012840481550120408
2022-07-21,-0.008110780277571505,-0.01805257996745599,-0.009941799689884484
2022-07-22,-0.0073982699509488326,-0.0020844425169336545,0.005313827434015178
2022-07-25,-0.0088263541788981,0.004400437756714032,0.013226791935612131
2022-07-26,0.034234742570348864,0.0031779526895069493,-0.031056789880841915
2022-07-27,0.0035717382573059453,0.005073718836451885,0.0015019805791459395
2022-07-28,0.03279306134837845,-0.009530585167782463,-0.04232364651616091
2022-07-29,-0.00615346768692393,-0.002758387059669923,0.0033950806272540074
2022-08-01,-0.009287350944318873,0.01194657531341664,0.021233926257735514
2022-08-02,0.038247675683253046,0.009443872395857741,-0.028803803287395305
2022-08-03,-0.0019262464022948844,-0.001260524494374457,0.0006657219079204274
2022-08-04,-0.0027742082012610636,-0.0038075491956912483,-0.0010333409944301847
2022-08-05,-0.0029029995077690662,-0.0024978798316055983,0.0004051196761634679
2022-08-08,0.0003032877615012364,0.010092383264346222,0.009789095502844986
2022-08-09,0.026194563256017656,0.01396469027715281,-0.012229872978864846
2022-08-10,-0.0044315763156265175,0.004546379270060366,0.008977955585686884
2022-08-11,0.021425606817361276,0.01327941109717884,-0.008146195720182436
2022-08-12,0.006333505515595528,0.0068359008574633146,0.0005023953418677868
2022-08-15,-0.0009238620004263787,0.014039242740759836,0.014963104741186214
2022-08-16,0.00878462857992468,0.013031649879420362,0.004247021299495682
2022-08-17,-0.0022916594000563784,0.012800767316002395,0.015092426716058774
2022-08-18,-0.015101864577650947,0.011890351657972732,0.02699221623562368
2022-08-19,-0.023029365962279114,0.011719511891417192,0.034748877853696306
2022-08-22,-0.0020290719210975805,0.009037193885352693,0.011066265806450273
2022-08-23,0.001793954789346408,0.015662441065767946,0.013868486276421538
2022-08-24,0.014922700520600518,0.0018408607792337606,-0.013081839741366758
2022-08-25,-0.03769925135640162,0.00637675118165798,0.0440760025380596
2022-08-26,-0.013690198638440787,0.006109315132834706,0.019799513771275493
2022-08-29,-0.015305497248539135,0.006560479954969542,0.021865977203508677
2022-08-30,-0.010634965719336975,0.004847732941579183,0.015482698660916158
2022-08-31,0.004706815210650195,0.006283987069400698,0.0015771718587505035
2022-09-01,-0.013611098150736467,-0.005150916008982001,0.008460182141754466
2022-09-02,-0.008215126110989845,0.007412890196950267,0.015628016307940112
2022-09-06,0.00925391798269981,0.01115515956795382,0.0019012415852540099
2022-09-07,-0.009617850316921195,0.009248765370828887,0.018866615687750082
2022-09-08,0.01883975318420772,0.004895601449828993,-0.013944151734378726
2022-09-09,0.038507960517385253,0.0002735347659809928,-0.03823442575140426
2022-09-12,-0.05867953721882391,0.010803662345089546,0.06948319956391345
2022-09-13,0.009555390377639084,-0.0004905129573087724,-0.010045903334947856
2022-09-14,-0.018929898188280392,0.003156380300025907,0.0220862784883063
2022-09-15,-0.010960151095764759,0.0048521912383434895,0.015812342334108248
2022-09-16,0.025082938658552933,-0.005938437182896064,-0.031021375841448998
2022-09-19,0.01566544689199456,-0.006724302366217003,-0.022389749258211564
2022-09-20,-0.02026764053209118,0.008085038758310861,0.02835267929040204
2022-09-21,-0.006375199842290069,0.010899099370155568,0.017274299212445637
2022-09-22,-0.015123823060790742,0.009251929484728486,0.024375752545519228
2022-09-23,0.0022602646628622214,0.0043174956098423894,0.002057230946980168
2022-09-26,0.0065662280713738586,0.01325892896321218,0.006692700891838321
2022-09-27,-0.012651543479456517,0.0111846644646178,0.023836207944074317
2022-09-28,-0.049119065604851575,0.001353437125156745,0.05047250273000832
2022-09-29,-0.030039296095161427,0.025619457128733064,0.05565875322389449
2022-09-30,0.030752533240588242,0.04897038506013915,0.018217851819550906
2022-10-03,0.02562309044204225,0.014441484452055522,-0.011181605989986729
2022-10-04,0.0020533044519943644,0.003224804430595876,0.0011714999786015118
2022-10-05,-0.0066256916744750205,0.005589336587193544,0.012215028261668565
2022-10-06,-0.03671867294799025,0.02085422978701274,0.05757290273500299
2022-10-07,0.0023556416566585803,0.02203754001124924,0.01968189835459066
2022-10-10,-0.01025496695758199,0.011154364211803616,0.021409331169385606
2022-10-11,-0.004604974883602009,0.014329964247412535,0.018934939131014544
2022-10-12,0.0336129050048255,0.01476972556392147,-0.01884317944090403
2022-10-13,-0.03224001981433555,0.004714558183443809,0.03695457799777936
2022-10-14,0.02912269574429982,0.029170187713705414,4.749196940559419e-05
2022-10-17,0.009409425626236034,0.006862326863616194,-0.00254709876261984
2022-10-18,0.0007652216372282528,-0.001168101910628938,-0.0019333235478571908
2022-10-19,-0.003267073673773546,0.007965326123015606,0.011232399796789153
2022-10-20,0.027059103837980825,0.014214151496776177,-0.012844952341204648
2022-10-21,0.014802693097965003,0.010625430841823033,-0.00417726225614197
2022-10-24,0.019337567404898115,0.00182100303992562,-0.017516564364972495
2022-10-25,-0.019627086164182295,0.0036824830519409935,0.023309569216123288
2022-10-26,-0.03046536903791064,0.013677107997198776,0.044142477035109415
2022-10-27,0.07555250145606562,0.017671784299193728,-0.057880717156871896
2022-10-28,-0.015410357458724877,0.0044835446918744665,0.019893902150599344
2022-10-31,-0.0175427318745901,0.004432832228151426,0.021975564102741527
2022-11-01,-0.03730498071609045,-0.00042869700913458764,0.036876283706955865
2022-11-02,-0.04240497792352105,0.03846182608805117,0.08086680401157222
2022-11-03,-0.003600230288167805,0.04165178045246113,0.045252010740628935
2022-11-04,0.003902249364639898,0.008444672556634086,0.004542423191994188
2022-11-07,0.004175078021159573,0.01588529998317975,0.011710221962020179
2022-11-08,-0.03318999915994625,0.007075397972551065,0.04026539713249731
2022-11-09,0.08897457132383879,0.025411963923603217,-0.06356260740023557
2022-11-10,0.019268754171310798,-0.008673506415034699,-0.027942260586345496
2022-11-11,-0.009485625904429806,-0.01579469945266873,-0.006309073548238925
2022-11-14,0.011869399253607638,-0.00807500735020919,-0.019944406603816828
2022-11-15,-0.00833111207633952,-0.005343013721528692,0.002988098354810828
2022-11-16,0.01297135574741759,-0.0023881630243898777,-0.015359518771807468
2022-11-17,0.003781794458686649,-0.0038379830943350013,-0.0076197775530216505
2022-11-18,-0.02168020969565021,-0.006097080877914898,0.015583128817735312
2022-11-21,0.014661159715434469,0.0027226544423879506,-0.011938505273046518
2022-11-22,0.0059263196953200925,-0.00385369142927168,-0.009780011124591773
2022-11-23,-0.01959360938875554,0.023079155856158898,0.04267276524491444
2022-11-25,-0.02626425881856731,0.011271899990568657,0.03753615880913597
2022-11-28,-0.021148266717113118,0.022491986230240305,0.04364025294735342
2022-11-29,0.04859389884061516,0.032326372552610054,-0.016267526288005103
2022-11-30,0.0018915002472865705,0.007468364555341736,0.0055768643080551655
2022-12-01,-0.0033713168918532155,0.018915887822620922,0.022287204714474138
2022-12-02,-0.00798317228381984,0.015270815645140164,0.023253987928960003
2022-12-05,-0.025369986338581674,0.02626394131942942,0.05163392765801109
2022-12-06,-0.013784907775671984,0.015385243816962699,0.029170151592634683
2022-12-07,0.012132761639400691,0.011587770291071504,-0.0005449913483291866
2022-12-08,-0.0034349124103753015,0.003586649353109081,0.0070215617634843824
2022-12-09,0.01638999557563814,0.009311860713156483,-0.007078134862481655
2022-12-12,0.006782446468835079,-0.007520188143116516,-0.014302634611951595
2022-12-13,-0.015535811424151502,0.004418386888514175,0.019954198312665677
2022-12-14,-0.04685431463789913,-0.0068419955357956475,0.04001231910210348
2022-12-15,-0.014578794821714758,0.007246591155826945,0.021825385977541703
2022-12-16,-0.01590959391154889,0.008944464986828674,0.024854058898377565
2022-12-19,-0.0005287608069164396,0.005812821198431697,0.006341582005348137
2022-12-20,0.023809477126406797,0.011554598360019472,-0.012254878766387325
2022-12-21,-0.02377261936693542,0.014181980333459542,0.03795459970039496
2022-12-22,-0.0027981178941416385,0.009313775006265346,0.012111892900406984
2022-12-23,-0.01387836965405731,0.014578834595990138,0.028457204250047448
2022-12-27,-0.03068521034551308,0.011473364304812474,0.042158574650325555
2022-12-28,0.02832433885189234,0.025894727179293142,-0.0024296116725991967
2022-12-29,0.00246888406699175,0.00560825857582338,0.00313937450883163
2022-12-30,-0.03740470449409117,0.008680502151821812,0.04608520664591298
2023-01-03,0.010314231379827232,0.02259138715606502,0.012277155776237787
2023-01-04,-0.010604653061194957,0.022808748877024825,0.03341340193821978
2023-01-05,0.036794101724815675,0.028798614190784902,-0.007995487534030774
2023-01-06,0.004088865910060413,0.004189934841164228,0.00010106893110381487
2023-01-09,0.004456410743407302,0.025988878532841764,0.021532467789434462
2023-01-10,0.02111229140844828,0.002949052677281211,-0.01816323873116707
2023-01-11,-0.0005993095195339082,0.00660455543112097,0.0072038649506548785
2023-01-12,0.010119112567793076,0.010344855114948898,0.00022574254715582165
2023-01-13,0.008756366745847899,0.0058969878244692076,-0.0028593789213786913
2023-01-17,-0.005369984658148752,0.008397887835881995,0.013767872494030747
2023-01-18,0.00044373608175840573,0.019816172029056126,0.01937243594729772
2023-01-19,0.01922074933545259,0.012396721259015468,-0.006824028076437123
2023-01-20,0.02350043960188808,0.009262703979433184,-0.014237735622454895
2023-01-23,0.010063058343160014,0.013686885056868846,0.0036238267137088317
2023-01-24,-0.00470075194473818,0.006798593013756737,0.011499344958494917
2023-01-25,0.014803370185255682,0.006530670631465452,-0.00827269955379023
2023-01-26,0.013684258613779976,0.00598223082540221,-0.007702027788377766
2023-01-27,-0.020078070464177533,0.01281544676656992,0.03289351723074745
2023-01-30,0.009020932070858745,0.015161840434271844,0.006140908363413099
2023-01-31,0.007900751560697472,0.010254414323198402,0.00235366276250093
2023-02-01,0.03706260688917107,0.007200057269852636,-0.029862549619318432
2023-02-02,0.024399897209064214,0.01066732072944962,-0.013732576479614594
2023-02-03,-0.01792883024246561,0.015496672703106742,0.03342550294557235
2023-02-06,0.019244699473851767,0.003122394139262963,-0.016122305334588805
2023-02-07,-0.017652737376545935,0.00950391796577918,0.027156655342325114
2023-02-08,-0.006911552556695955,0.008148778236823973,0.015060330793519927
2023-02-09,0.0009279472007650558,0.0029633830918171095,0.0020354358910520537
2023-02-10,0.01880677902118011,0.0032362857115881827,-0.015570493309591926
2023-02-13,-0.004224953717818392,0.015735815005670672,0.019960768723489064
2023-02-14,0.013903426404976438,0.00810118975073712,-0.005802236654239318
2023-02-15,-0.010429376798369527,0.015177682017923265,0.025607058816292792
2023-02-16,-0.007546702305912589,0.020919466669402864,0.028466168975315453
2023-02-17,-0.026679824600448265,-0.0005067644589279025,0.026173060141520363
2023-02-21,0.0028960664530148783,0.013005766602485425,0.010109700149470546
2023-02-22,0.0032905125399556034,-0.0018415166541737998,-0.005132029194129403
2023-02-23,-0.018005269695533066,-0.004589854159994175,0.013415415535538891
2023-02-24,0.008247504598905886,0.0031871948482709023,-0.005060309750634984
2023-02-27,-0.003447772533457294,0.014807143005369068,0.018254915538826362
2023-02-28,-0.014246021649447993,0.014869176540860847,0.02911519819030884
2023-03-01,0.0041291453691869595,0.005500004385394025,0.0013708590162070655
2023-03-02,0.035090089703815774,0.0035148747987052004,-0.031575214905110574
2023-03-03,0.01853938339660255,0.003777451599144069,-0.01476193179745848
2023-03-06,-0.014496494188358522,0.014196226023946754,0.028692720212305275
2023-03-07,0.00837723590066819,-0.0019103545930420768,-0.010287590493710266
2023-03-08,-0.014914625839747453,-0.0026966108330743477,0.012218015006673105
2023-03-09,-0.0138787196275717,-0.001036844122362754,0.012841875505208947
2023-03-10,0.013266001486216261,-0.006580709611683083,-0.019846711097899344
2023-03-13,0.01408915464869298,0.003208997555696161,-0.01088015709299682
2023-03-14,0.0026214638237991306,-0.005041491518764568,-0.007662955342563699
2023-03-15,0.018694035607962345,-0.00791062320214192,-0.026604658810104265
2023-03-16,-0.00545400109224925,-0.0015484180206758458,0.003905583071573404
2023-03-17,0.015483831590221708,-0.0028478288434029414,-0.01833166043362465
2023-03-20,0.011944122971497162,-0.009739764276863697,-0.02168388724836086
2023-03-21,-0.009103446505241086,-0.00649888614401227,0.0026045603612288165
2023-03-22,0.006969466083539766,0.005544701577687813,-0.0014247645058519526
2023-03-23,0.008305589788276002,0.001796008683648681,-0.006509581104627321
2023-03-24,-0.012293299349161457,0.00024219987959142597,0.012535499228752883
2023-03-27,-0.003980318976947728,0.0038210258544539855,0.007801344831401713
2023-03-28,0.019790742129842442,-0.005215796976755366,-0.025006539106597808
2023-03-29,0.009889881791605992,0.004731520234540806,-0.005158361557065186
2023-03-30,0.015644205941022005,-0.0038230250736690646,-0.01946723101469107
2023-03-31,0.00770166355044366,-0.004890800693474653,-0.012592464243918314
2023-04-03,-0.003249643690696802,-0.0005545250590176243,0.0026951186316791775
2023-04-04,-0.011290287513422759,-0.0015301489601564217,0.009760138553266337
2023-04-05,0.005495903672834368,-0.008257798251003853,-0.013753701923838221
2023-04-06,-0.01597233586979263,0.0021033238346033906,0.01807565970439602
2023-04-10,-0.007591160506113748,-0.0038281135722915416,0.003763046933822206
2023-04-11,-0.004353214769634461,0.005572517129465077,0.009925731899099538
2023-04-12,0.03410363052421039,0.013047357371075735,-0.021056273153134658
2023-04-13,-0.0021139819394035975,0.010185472284467867,0.012299454223871464
2023-04-14,0.0001209915432451858,0.008051050824203404,0.007930059280958218
2023-04-17,0.0075047238711354325,0.0013193852855740845,-0.006185338585561348
2023-04-18,0.006968244450070493,0.00876968966649741,0.0018014452164269168
2023-04-19,-0.0058462742813449875,0.007309872714258869,0.013156146995603857
2023-04-20,-0.00978091619394783,0.006279452191227289,0.01606036838517512
2023-04-21,0.001878545331279513,0.004906554291060711,0.0030280089597811977
2023-04-24,-0.0094356592349637,-0.00036475692247897595,0.009070902312484724
2023-04-25,-6.112087295517821e-05,0.008834303046736228,0.008895423919691406
2023-04-26,0.02839526936524983,0.011903785029710026,-0.016491484335539805
2023-04-27,0.007541054486406518,0.0038167757595791996,-0.003724278726827318
2023-04-28,-0.0005303886243240852,0.0016595211099846158,0.002189909734308701
2023-05-01,-0.006191420923589042,0.0003178031329368891,0.006509224056525931
2023-05-02,-0.006467285993302041,-0.004629484580849247,0.0018378014124527942
2023-05-03,-0.009913429037699317,0.0015173285579991175,0.011430757595698435
2023-05-04,0.04692692172716728,-0.001920844939156549,-0.04884776666632383
2023-05-05,-0.0004033376808469935,0.0036661706044746056,0.004069508285321599
2023-05-08,-0.009971156931060876,0.00022298607097204215,0.010194143002032918
2023-05-09,0.010420872338650744,0.002649765558096498,-0.007771106780554246
2023-05-10,0.0010947363682816125,0.0019405732773766365,0.0008458369090950241
2023-05-11,-0.006791324752697836,-0.00606825231386271,0.0007230724388351262
2023-05-12,-0.002897374855299284,-0.014263368145259026,-0.011365993289959742
2023-05-15,0.0,-0.006458898796363147,-0.006458898796363147
2023-05-16,0.0036031562201266354,0.006393348476000843,0.0027901922558742076
2023-05-17,0.013666110237923634,2.8741105157201186e-05,-0.013637369132766433
2023-05-18,0.0006283953638037687,0.008525773325392172,0.007897377961588403
2023-05-19,-0.005480741572254533,-0.002065643945350734,0.0034150976269037986
2023-05-22,-0.015154991021227304,-0.002334290362480035,0.01282070065874727
2023-05-23,0.00163207497832496,0.0004915983480806435,-0.0011404766302443164
2023-05-24,0.0066923253013353445,-0.005833587591347736,-0.01252591289268308
2023-05-25,0.014104787011603337,-0.0010089856447802609,-0.015113772656383598
2023-05-26,0.010659581907596527,0.0032218194067551165,-0.0074377625008414106
2023-05-30,-0.0002820251037627397,0.007156903341031903,0.007438928444794643
2023-05-31,0.016022546335066945,0.010257041224278868,-0.005765505110788077
2023-06-01,0.004775393568990927,-0.001013613820752532,-0.0057890073897434585
2023-06-02,-0.0075711253953729685,-0.008121586829909141,-0.000550461434536173
2023-06-05,-0.002060335858196427,-0.007631080034704044,-0.0055707441765076166
2023-06-06,-0.007756259904993845,-0.015803664792156433,-0.008047404887162588
2023-06-07,0.01546507640721173,0.007297072644134275,-0.008168003763077455
2023-06-08,0.002159823746078704,-0.004802063637639423,-0.006961887383718127
2023-06-09,0.015638740424785524,0.0021886780814200785,-0.013450062343365446
2023-06-12,-0.002611653218746124,-0.0006437062264662008,0.001967946992279923
2023-06-13,0.003491350161869189,0.002730188981584794,-0.0007611611802843948
2023-06-14,0.011198682211304156,-0.0007802973249447509,-0.011978979536248907
2023-06-15,-0.005859880490725833,-0.0005995500646866214,0.005260330426039211
2023-06-16,0.0004866771511018442,-0.003579607560987366,-0.00406628471208921
2023-06-20,-0.0056753030870986265,0.00333445992934317,0.009009763016441796
2023-06-21,0.016525294494369236,-0.0023107852053804584,-0.018836079699749694
2023-06-22,-0.0017112691134693048,0.006349799552037447,0.008061068665506751
2023-06-23,-0.007552970101992296,0.0019172752883869076,0.009470245390379203
2023-06-26,0.015059066345298966,0.009075867783684854,-0.0059831985616141115
2023-06-27,0.006327780797909854,0.0023430798052752333,-0.003984700992634621
2023-06-28,0.0017965460390521049,0.006551571599477543,0.004755025560425438
2023-06-29,0.023102510509079632,0.004770924119857245,-0.018331586389222387
2023-06-30,-0.007784680606965799,0.003923828432026905,0.011708509038992704
2023-07-03,-0.005871375056598072,0.0017789020528516247,0.007650277109449696
2023-07-05,0.002508732153585047,0.005631072940404158,0.003122340786819111
2023-07-06,-0.0058912720775532446,0.0026455961114410925,0.008536868188994337
2023-07-07,-0.010855843008916843,0.006371835199818057,0.0172276782087349
2023-07-10,-0.002810024800285138,-0.001623195158060059,0.001186829642225079
2023-07-11,0.008985550962107736,0.001427240942813518,-0.007558310019294218
2023-07-12,0.004057485357729984,0.010527272618966313,0.006469787261236329
2023-07-13,0.0007872843526774975,0.005284285810551306,0.004497001457873809
2023-07-14,0.017305590274832694,0.004678789633015934,-0.01262680064181676
2023-07-17,-0.0013403255748356546,0.0028794682518053782,0.004219793826641033
2023-07-18,0.007071751438550322,-0.0006251939544694302,-0.007696945393019752
2023-07-19,-0.010097391896840224,0.009244231836052205,0.01934162373289243
2023-07-20,-0.006161665258219817,-0.002878832109688853,0.003282833148530964
2023-07-21,0.004220055998181094,-0.004343244923367351,-0.008563300921548445
2023-07-24,0.004513593344682265,0.0018775952761201642,-0.002635998068562101
2023-07-25,0.00454501035536059,0.0003046928498235124,-0.004240317505537078
2023-07-26,-0.006580970587644619,-0.0009189779949977661,0.005661992592646853
2023-07-27,0.013507921508448373,-0.0008717208936385723,-0.014379642402086945
2023-07-28,0.003165986372825502,0.0013532009281342766,-0.0018127854446912256
2023-07-31,-0.004275878599845129,-0.010414690863369075,-0.006138812263523946
2023-08-01,-0.015489999334607263,-0.004575783884850013,0.01091421544975725
2023-08-02,-0.007321651514710981,-0.008248170294655216,-0.0009265187799442354
2023-08-03,-0.04802004898105661,-0.0002521316020823866,0.04776791737897422
2023-08-04,-0.017253691383433578,0.02379631729212217,0.04105000867555575
2023-08-07,0.005311696482092065,0.015117857674912291,0.009806161192820226
2023-08-08,-0.00895439701348677,0.00789109037682495,0.01684548739031172
2023-08-09,-0.0012346440186814522,0.012496741228545667,0.01373138524722712
2023-08-10,-0.0010114509936260951,0.021788205429869756,0.02279965642349585
2023-08-11,0.009393180104611876,0.017691872582755105,0.00829869247814323
2023-08-14,-0.01120032146677552,0.010843384304815393,0.022043705771590913
2023-08-15,-0.004959085033290345,0.01138977899361232,0.016348864026902665
2023-08-16,-0.014555174817995509,0.01741370466104731,0.03196887947904282
2023-08-17,0.0028161235239314575,0.013782765810771737,0.01096664228684028
2023-08-18,0.007736780344014926,0.01663313248895494,0.008896352144940015
2023-08-21,0.007904910251348207,0.007585956181761472,-0.00031895406958673544
2023-08-22,0.021948877071738204,0.0073996319964077795,-0.014549245075330425
2023-08-23,-0.02617044148719283,0.009023731651510616,0.03519417313870345
2023-08-24,0.01264313224744873,0.012670063951480681,2.6931704031951664e-05
2023-08-25,0.008846099466185864,0.002555721145739445,-0.006290378320446419
2023-08-28,0.02181027039532446,0.001504828676895123,-0.020305441718429337
2023-08-29,0.019172272827023162,0.0031736329230957483,-0.015998639903927414
2023-08-30,0.001172401960345848,0.0016778627074114372,0.0005054607470655892
2023-08-31,0.008463361036912254,0.018462543431561784,0.00999918239464953
2023-09-01,0.0012667065653462206,0.007317321282445305,0.006050614717099084
2023-09-05,-0.03579332311737149,0.007796078964687009,0.0435894020820585
2023-09-06,-0.029249390390909014,0.013802254036416516,0.04305164442732553
2023-09-07,0.0034917499758519988,0.01401771021232738,0.010525960236475382
2023-09-08,0.006622561359722834,0.036768298386241856,0.030145737026519022
2023-09-11,-0.017060646455066664,0.021135108065606173,0.03819575452067284
2023-09-12,-0.011854771989295187,0.03521270702394257,0.04706747901323776
2023-09-13,0.008782496529087691,0.04156383825606452,0.03278134172697683
2023-09-14,-0.004153926047057777,0.02505044786164435,0.029204373908702126
2023-09-15,0.016913358132535583,0.014927258289809134,-0.0019860998427264492
2023-09-18,0.006180851244426799,0.00810945172256572,0.0019286004781389199
2023-09-19,-0.01999219123598317,0.001523607423700779,0.02151579865968395
2023-09-20,-0.008889468166570769,0.009303618231846736,0.018193086398417505
2023-09-21,0.0049445216268977354,0.01906134447855197,0.014116822851654234
2023-09-22,0.00738033408360006,0.016806761987349546,0.009426427903749486
2023-09-25,-0.023398427273646605,0.005005616833525808,0.028404044107172413
2023-09-26,-0.008897499292564004,0.010082673264927178,0.01898017255749118
2023-09-27,0.0015256103784480057,0.009435906770515076,0.00791029639206707
2023-09-28,0.003046483478957418,0.011172211442457017,0.008125727963499599
2023-09-29,0.014835542237771948,0.016985009943108705,0.0021494677053367564
2023-10-02,-0.007769819300809333,0.008449006412536875,0.016218825713346208
2023-10-03,0.00730864159068112,0.011152117616773788,0.003843476026092668
2023-10-04,0.007197972898999483,0.014842978007419426,0.007645005108419943
2023-10-05,0.014750453244736894,0.00881291111083228,-0.005937542133904614
2023-10-06,0.008451180086631815,0.0046945736282312245,-0.003756606458400591
2023-10-09,-0.00335217657467779,-0.00435146898107551,-0.0009992924063977199
2023-10-10,0.007904051050695804,0.010668801205235903,0.0027647501545400993
2023-10-11,0.005061199369654101,9.445792601874003e-05,-0.004966741443635361
2023-10-12,-0.01029273721015711,0.003494578197798817,0.013787315407955927
2023-10-13,-0.0007268933652552212,0.0013436751127707675,0.0020705684780259886
2023-10-16,-0.0087847320585005,-0.005368227822516197,0.0034165042359843023
2023-10-17,-0.007394849583563845,0.0004081889016279844,0.007803038485191829
2023-10-18,-0.002160996541954341,0.012372101899558785,0.014533098441513126
2023-10-19,-0.014704215959948308,0.015361467916032698,0.030065683875981006
2023-10-20,0.0006940948276166203,0.01282273677909216,0.01212864195147554
2023-10-23,0.0025433667133309967,0.006655990831656244,0.004112624118325248
2023-10-24,-0.013491676112499795,0.0041504442253693236,0.01764212033786912
2023-10-25,-0.02460553222493822,0.012185935822495018,0.03679146804743324
2023-10-26,0.007969332110484562,0.010419622313815755,0.002450290203331193
2023-10-27,0.012305267212035398,0.012735451020718214,0.0004301838086828158
2023-10-30,0.0028187856318813154,0.00839239325043134,0.005573607618550025
2023-10-31,0.018738635990994235,-0.003408470584389936,-0.02214710657538417
2023-11-01,0.020693257908003027,-0.0005985531578837772,-0.021291811065886804
2023-11-02,-0.005181130764130404,0.008058136598680737,0.013239267362811141
2023-11-03,0.014605162299448304,-0.004669141721197714,-0.01927430402064602
2023-11-06,0.014450770844278482,-0.003885373222371466,-0.018336144066649948
2023-11-07,0.005884897273828127,-0.003965113950785776,-0.009850011224613903
2023-11-08,-0.0026245050529877245,-0.006964424922965132,-0.004339919869977407
2023-11-09,0.02187374680264753,0.00028097753416984894,-0.021592769268477682
2023-11-10,-0.008583642151914983,-0.0002392884705353926,0.00834435368137959
2023-11-13,0.01428571074703422,0.0038171546138895257,-0.010468556133144694
2023-11-14,0.003040930740533243,0.005092648918873691,0.0020517181783404476
2023-11-15,0.009042137421952035,0.013478431878172555,0.00443629445622052
2023-11-16,-0.0001054465855937492,0.00781248020037896,0.00791792678597271
2023-11-17,0.009278267089376957,0.007179642390353763,-0.002098624699023194
2023-11-20,-0.004230856994020926,0.015836633990917594,0.02006749098493852
2023-11-21,0.0035144679557825853,0.010242667173877881,0.006728199218095296
2023-11-22,-0.0070043194552873445,0.019151046913650986,0.02615536636893833
2023-11-24,-0.0009475597905649336,0.012157118398075074,0.013104678188640008
2023-11-27,0.003214082048213829,0.009364961541115824,0.006150879492901995
2023-11-28,-0.0054096576277038455,0.012794765431227387,0.018204423058931232
2023-11-29,0.0030627968844576525,0.012581816181397004,0.009519019296939352
2023-11-30,0.006791305952341675,-0.0007624702330540079,-0.007553776185395683
2023-12-01,-0.00946461391650355,0.00132411626655482,0.01078873018305837
2023-12-04,0.02106321938149014,-0.0073783419546846335,-0.028441561336174773
2023-12-05,-0.0056870585003612195,0.008686564107217576,0.014373622607578795
2023-12-06,0.010139334827264257,0.004020124938326278,-0.006119209888937979
2023-12-07,0.00741237663940475,0.0070698486639966945,-0.00034252797540805513
2023-12-08,-0.012927361664163084,0.0025683630368727867,0.01549572470103587
2023-12-11,0.007920147510585007,-0.006829316961904933,-0.01474946447248994
2023-12-12,0.016691489332522957,-0.006359403288287727,-0.023050892620810684
2023-12-13,0.000757697976345284,0.0037336632161859007,0.0029759652398406167
2023-12-14,-0.002725724519050843,-0.0030868441162688748,-0.000361119597218032
2023-12-15,-0.008503355126233125,-0.0020290632414731863,0.006474291884759939
2023-12-18,0.005360166700849378,-0.0016961086254987101,-0.007056275326348088
2023-12-19,-0.010713925988598105,-0.0015370552537383592,0.009176870734859746
2023-12-20,-0.0007699489496669765,0.004944461244374226,0.005714410194041203
2023-12-21,-0.005547496470601487,-0.0006931292318552995,0.004854367238746188
2023-12-22,-0.0028409247645567737,-0.0014652774659396212,0.0013756472986171525
2023-12-26,0.0005179530854488856,0.005330975519958911,0.004813022434510025
2023-12-27,0.002226290179438317,-0.0033494438534416165,-0.005575734032879934
2023-12-28,-0.005424129774904141,-0.0018417991092604669,0.0035823306656436738
2023-12-29,-0.03578662771169838,-0.005303916623266902,0.03048271108843148
2024-01-02,-0.007487607165581278,0.0055527623465004144,0.013040369512081693
2024-01-03,-0.012700115809447077,0.011826001639250815,0.02452611744869789
2024-01-04,-0.004013033761925966,0.007768051933930431,0.011781085695856397
2024-01-05,0.024174881663950876,0.009102851254881056,-0.01507203040906982
2024-01-08,-0.002263409002323802,0.00178861938752653,0.004052028389850332
2024-01-09,0.005671400319862574,0.0007148392021109062,-0.004956561117751668
2024-01-10,-0.0032225473744458277,0.0015792726473915913,0.004801820021837419
2024-01-11,0.0017781229460982484,-0.005146406164545744,-0.006924529110643993
2024-01-12,-0.012317089655153213,-0.0012396007549983767,0.011077488900154836
2024-01-16,-0.005173512943255187,-0.007382896317099305,-0.0022093833738441176
2024-01-17,0.032570683411353496,-0.0030450025746726617,-0.03561568598602616
2024-01-18,0.015533014896551123,0.0012369040352975258,-0.014296110861253597
2024-01-19,0.01216330058858972,0.0017489539438419882,-0.010414346644747732
2024-01-22,0.006653222395139657,0.006922704758990553,0.0002694823638508953
2024-01-23,-0.0034839261261312426,-0.0061249030472263905,-0.002640976921095148
2024-01-24,-0.0016966675118492702,0.0036769736959279126,0.005373641207777183
2024-01-25,-0.009012720896651283,-0.005027561113016457,0.003985159783634826
2024-01-26,-0.003585918553020817,0.0001471703243503819,0.003733088877371199
2024-01-29,-0.01924582758897042,-0.003454704604000436,0.015791122984969985
2024-01-30,-0.01935758093816564,0.023647778555879947,0.04300535949404559
2024-01-31,0.013340600842146166,0.03505785655298711,0.021717255710840946
2024-02-01,-0.0054050867148502935,0.02195461391333698,0.027359700628187274
2024-02-02,0.009846577950857638,0.023343515491255643,0.013496937540398005
2024-02-05,0.0086317691773099,0.005206368690306495,-0.003425400487003405
2024-02-06,0.0005810914346444651,0.0016012829728909994,0.0010201915382465343
2024-02-07,-0.005754692554861496,0.002191508385713914,0.00794620094057541
2024-02-08,0.0028143519471321987,-0.005280528495273981,-0.00809488044240618
2024-02-09,-0.009001917670574011,0.0031574179853645634,0.012159335655938575
2024-02-12,-0.011274382469489308,-0.0014007517308109868,0.009873630738678321
2024-02-13,-0.004809767736384418,-0.004041728621949181,0.0007680391144352372
2024-02-14,-0.0015747667431138535,-0.0021809190858667615,-0.0006061523427529081
2024-02-15,-0.008430343993322875,-0.008590667070645888,-0.00016032307732301299
2024-02-16,-0.004113872031395016,0.006252713584561989,0.010366585615957005
2024-02-20,0.004185997884141424,-0.005139443345516068,-0.009325441229657491
2024-02-21,0.011243899246467626,-0.0071781558945876595,-0.018422055141055285
2024-02-22,-0.010034121026855192,-0.0019570566033905723,0.00807706442346462
2024-02-23,-0.007451241390074692,0.0003343680241627567,0.007785609414237449
2024-02-26,0.008114380608232441,0.0018171528358235933,-0.006297227772408848
2024-02-27,-0.006625454095802064,0.003065818070735804,0.009691272166537868
2024-02-28,-0.003693077806788292,0.0027469000387855547,0.0064399778455738466
2024-02-29,-0.00603040850838521,0.0055610164379108346,0.011591424946296044
2024-03-01,-0.025381261636673647,-0.001977574413907973,0.023403687222765673
2024-03-04,-0.028440952671264008,0.009135329995728553,0.03757628266699256
2024-03-05,-0.005878203789690617,0.02316171103832672,0.029039914828017335
2024-03-06,-0.0007095264939214196,0.018989472998815003,0.019698999492736423
2024-03-07,0.010236661109698675,0.022084104290428355,0.01184744318072968
2024-03-08,0.01183157220764297,0.026658453423019673,0.014826881215376703
2024-03-11,0.002778557033511264,0.016899592721356965,0.014121035687845701
2024-03-12,-0.012122559005482425,0.002354963057656201,0.014477522063138626
2024-03-13,0.010927336316434166,0.008142097570635526,-0.0027852387457986405
2024-03-14,-0.002196560016257232,0.005141329467016426,0.007337889483273657
2024-03-15,0.006372414173507979,-0.00530273128752462,-0.011675145461032599
2024-03-18,0.013585082856137465,0.006097576599098903,-0.007487506257038562
2024-03-19,0.014709202129471022,-0.00817660318202712,-0.022885805311498142
2024-03-20,-0.04085746418856029,-0.006601916967369184,0.034255547221191104
2024-03-21,0.005310169154682409,0.005451464808921724,0.00014129565423931512
2024-03-22,-0.0083003986876804,-0.0009485944003797681,0.007351804287300631
2024-03-25,-0.006672515943357493,0.007284558520707765,0.013957074464065258
2024-03-26,0.021212602099510702,0.015007986760295113,-0.00620461533921559
2024-03-27,-0.010559124440792766,0.007053051471529265,0.01761217591232203
2024-03-28,-0.008455779008450959,0.019775443561974686,0.028231222570425644
2024-04-01,-0.006998779332762939,0.022556321398703255,0.029555100731466194
2024-04-02,0.004797427008780275,0.02814475790149839,0.023347330892718114
2024-04-03,-0.00489234660846527,0.025008714260740313,0.029901060869205583
2024-04-04,0.004501803541427263,0.020712452160194503,0.01621064861876724
2024-04-05,-0.0066635503633162285,0.017162045567759084,0.023825595931075312
2024-04-08,0.007242512572309456,0.014972861156266809,0.007730348583957353
2024-04-09,-0.01113926687125033,0.014227459981259703,0.025366726852510034
2024-04-10,0.04327091762818491,0.017306969654632416,-0.025963947973552497
2024-04-11,0.00862665575607413,0.008933487920587624,0.00030683216451349304
2024-04-12,-0.021863497839872292,0.015227173623547925,0.03709067146342022
2024-04-15,-0.019167279586534414,0.009614163359873654,0.028781442946408067
2024-04-16,-0.008147389556206863,0.012097903658623031,0.020245293214829894
2024-04-17,-0.0057143256777808515,0.018124105557970185,0.023838431235751037
2024-04-18,-0.012212603975853775,0.016453419141791853,0.028666023117645628
2024-04-19,0.005090886896306879,0.018002310949221133,0.012911424052914254
2024-04-22,0.006391688265803275,0.02513400014093249,0.018742311875129217
2024-04-23,0.012702279529689164,0.020331078001299872,0.007628798471610708
2024-04-24,0.005147290824730311,0.019643908982417406,0.014496618157687095
2024-04-25,-0.003472813820767917,0.003796641968330572,0.007269455789098489
2024-04-26,0.024808014604454476,0.011786163583749648,-0.013021851020704828
2024-04-29,-0.01827088281812861,0.01686365933175059,0.0351345421498792
2024-04-30,-0.006047077838456816,0.014143078370906247,0.020190156209363062
2024-05-01,0.02203187040935095,0.020049677523645414,-0.0019821928857055374
2024-05-02,0.05981625253732603,0.0038219803166006233,-0.05599427222072541
2024-05-03,-0.009106762593950823,0.00828111385205861,0.017387876446009434
2024-05-06,0.0037971886914498487,0.0013252170926648932,-0.0024719715987849555
2024-05-07,0.0018640987283840005,0.0055109111220856405,0.00364681239370164
2024-05-08,0.01001423758369735,0.0012576546333063349,-0.008756582950391015
2024-05-09,-0.008235380680192916,0.0006304475087952066,0.008865828188988123
2024-05-10,0.017645428427694565,0.0016028677668041558,-0.01604256066089041
2024-05-13,0.006173469529849429,0.007435011853566709,0.0012615423237172796
2024-05-14,0.012217940748059153,0.01636882332384211,0.004150882575782958
2024-05-15,0.000632485327932919,0.02341853872413647,0.02278605339620355
2024-05-16,0.00015802138577525326,0.02527420944520728,0.025116188059432026
2024-05-17,0.006162101432736655,0.013838495297775304,0.0076763938650386485
2024-05-20,0.006857270013722827,0.014246776753626136,0.007389506739903309
2024-05-21,-0.0075384047882530725,0.012233575234364587,0.01977198002261766
2024-05-22,-0.021058088749084547,0.010882505774356718,0.031940594523441265
2024-05-23,0.016588135507972,0.01342826378290727,-0.003159871725064732
2024-05-24,5.268852431883353e-05,0.01616058166892754,0.016107893144608705
2024-05-28,0.0015789661787211084,0.018195656611851102,0.016616690433129994
2024-05-29,0.005255137081729533,0.019687292753403224,0.014432155671673691
2024-05-30,0.005018593484036549,0.014194834600203092,0.009176241116166543
2024-05-31,0.009258771283728873,0.008108938707870064,-0.0011498325758588085
2024-06-03,0.0016492672588364066,0.005206033606068111,0.0035567663472317046
2024-06-04,0.007820884826019947,-0.0006194565364597004,-0.008440341362479648
2024-06-05,-0.007096540686677422,0.004064077671709743,0.011160618358387164
2024-06-06,0.012392038847459208,0.002514506705946301,-0.009877532141512907
2024-06-07,-0.019147769232301326,0.0029385255780588065,0.022086294810360133
2024-06-10,0.07264912559045644,-0.006073966565161529,-0.07872309215561797
2024-06-11,0.02857839054869915,-0.0003674008568403109,-0.02894579140553946
2024-06-12,0.005491144359726752,0.026149776104869647,0.020658631745142896
2024-06-13,-0.008168409051202308,-0.004411725190424237,0.0037566838607780706
2024-06-14,0.019671478976528656,0.0002234292999062082,-0.019448049676622448
2024-06-17,-0.010984469021671939,0.017203225299321383,0.02818769432099332
2024-06-18,-0.021512906597537684,-0.0060953556720640956,0.015417550925473589
2024-06-20,-0.010444426073609514,-0.006935098699258971,0.003509327374350543
2024-06-21,0.00313265159417897,0.011627082365565457,0.008494430771386487
2024-06-24,0.004468184574312861,0.027022752155123814,0.022554567580810952
2024-06-25,0.01999326794540668,0.031068137564482033,0.011074869619075355
2024-06-26,0.003985960626099017,0.011349366605382522,0.007363405979283505
2024-06-27,-0.016254137725925877,0.0015655912284515128,0.01781972895437739
2024-06-28,0.029104572333703782,0.004256057209977723,-0.02484851512372606
2024-07-01,0.016239927439266166,0.008447735246814553,-0.0077921921924516135
2024-07-02,0.0058110444203451905,-0.00462143019982289,-0.01043247462016808
2024-07-03,0.021620371113304726,-0.006339545580492489,-0.027959916693797215
2024-07-05,0.006538884025246272,0.00947170144710531,0.002932817421859038
2024-07-08,0.00377484559702701,-0.0005379124728471935,-0.0043127580698742035
2024-07-09,0.018803582252402418,0.004880428134343848,-0.01392315411805857
2024-07-10,-0.023220827978926883,0.013026971276821037,0.03624779925574792
2024-07-11,0.013050867277438316,-0.008669709864325442,-0.02172057714176376
2024-07-12,0.01674330147811176,0.007851608146314318,-0.008891693331797443
2024-07-15,0.0017918662059346335,0.008983624200514198,0.0071917579945795646
2024-07-16,-0.025295980990260425,-0.0017838701595941225,0.023512110830666302
2024-07-17,-0.020534830945314275,0.0011615739716157453,0.02169640491693002
2024-07-18,0.0005799129586043783,0.005051885409921186,0.004471972451316808
2024-07-19,-0.0015602998017738567,0.014632664907828122,0.01619296470960198
2024-07-22,0.004688282557118395,0.006541811422653518,0.0018535288655351229
2024-07-23,-0.02875428371474653,0.004077215335828624,0.032831499050575155
2024-07-24,-0.004804556718339459,-0.0025972445614560885,0.0022073121568833703
2024-07-25,0.002161024455525684,0.005886325056183056,0.003725300600657372
2024-07-26,0.0012846337432190769,0.00074778529376128,-0.0005368484494577969
2024-07-29,0.0025659711533103646,-0.0025151667350872126,-0.005081137888397577
2024-07-30,0.014990853444005525,-0.012474215099607278,-0.027465068543612803
2024-07-31,-0.016750725819666967,0.013655006765592372,0.03040573258525934
2024-08-01,0.006869389978967133,-0.0006703440659351634,-0.0075397340449022965
2024-08-02,-0.0481669985831521,0.020538711531577374,0.06870571011472948
2024-08-05,-0.009748212850733573,-0.007297148560635805,0.002451064290097768
2024-08-06,0.01249824663455068,-0.014531454628970264,-0.027029701263520944
2024-08-07,0.016633257613904107,0.014591597133685463,-0.0020416604802186433
2024-08-08,0.013735914716165532,-0.015309948554638367,-0.0290458632708039
2024-08-09,0.005965562584919537,-0.004592234529529643,-0.01055779711444918
2024-08-12,0.017193056195245138,0.007874820584282613,-0.009318235610962525
2024-08-13,0.002033700635211577,0.0015831920765682211,-0.00045050855864335604
2024-08-14,0.01353057903429189,-0.011021450213498998,-0.024552029247790888
2024-08-15,0.0059184844421056315,-0.018303739251426032,-0.024222223693531664
2024-08-16,-0.0007078241979617816,-0.017324838890319105,-0.016617014692357324
2024-08-19,0.0027446771387078517,-0.02131165294690554,-0.024056330085613392
2024-08-20,-0.00048563247988708813,-0.0016607237444256212,-0.001175091264538533
2024-08-21,-0.008259695969967673,-0.0009951949684612882,0.007264501001506385
2024-08-22,0.010288146667049025,0.0043564474080876325,-0.005931699258961393
2024-08-23,0.0014988376978466444,0.0005874395961729256,-0.0009113981016737188
2024-08-26,0.0037415535298863656,-0.009105952319922159,-0.012847505849808524
2024-08-27,-0.006753467940081581,-8.459726282730728e-05,0.006668870677254274
2024-08-28,0.014570125448949867,0.01724576257136485,0.0026756371224149825
2024-08-29,-0.0034378924636161434,0.018317411806638456,0.0217553042702546
2024-08-30,-0.027205221517637823,0.0006507359659666673,0.02785595748360449
2024-09-03,-0.00861874638471094,6.025575969635655e-05,0.008679002144407297
2024-09-04,0.006927773316790065,-0.010971798213671266,-0.01789957153046133
2024-09-05,-0.007015008203708928,0.020089785810005763,0.02710479401371469
2024-09-06,0.00040755518026269755,0.006591309627010808,0.00618375444674811
2024-09-09,-0.0036213980285901837,-0.019639049571781045,-0.01601765154319086
2024-09-10,0.011585130365211915,-0.005460829155160288,-0.017045959520372203
2024-09-11,0.0004940295003250661,-0.019112708123747907,-0.019606737624072973
2024-09-12,-0.001212031545013148,-0.014382350141310743,-0.013170318596297595
2024-09-13,-0.027775247981039364,-0.010432512461028193,0.01734273552001117
2024-09-16,0.0021726421320320544,-0.015162259106645551,-0.017334901238677605
2024-09-17,0.017989802463465043,-0.00396322443011754,-0.021953026893582583
2024-09-18,0.03706553348719566,0.010719210444489438,-0.02634632304270622
2024-09-19,-0.002927418111763669,0.003836986648421664,0.006764404760185333
2024-09-20,-0.007581050616453089,0.0003372827095541736,0.007918333326007262
2024-09-23,0.0039740093241191765,0.00023262241733446043,-0.003741386906784716
2024-09-24,-0.004398117700115112,-0.008923462665660908,-0.004525344965545797
2024-09-25,0.005080219022305155,-0.00996421156116499,-0.015044430583470145
2024-09-26,0.0011866605511687833,-0.01766268489818662,-0.018849345449355404
2024-09-27,0.02287197360475246,-0.003925543701024797,-0.026797517305777258
2024-09-30,-0.029141602086406926,0.004741565844829862,0.03388316793123679
2024-10-01,0.002519747352073054,0.004243048345621531,0.0017233009935484767
2024-10-02,-0.004894614235498862,0.0013353144943751005,0.0062299287298739625
2024-10-03,0.005007333238716605,0.00012483306475501166,-0.004882500173961593
2024-10-04,-0.022530866585506182,-0.00460261031962074,0.017928256265885442
2024-10-07,0.01840408582309916,0.017966250006211222,-0.00043783581688793677
2024-10-08,0.016698360908574017,0.009123173783611854,-0.007575187124962163
2024-10-09,-0.0021782696463562568,0.015267386121560561,0.017445655767916818
2024-10-10,-0.006505371454991304,0.013797752309796872,0.020303123764788177
2024-10-11,0.01647989430765695,0.012163235920344698,-0.004316658387312253
2024-10-14,0.011024656368842312,0.010162294699530991,-0.0008623616693113206
2024-10-15,-0.008851859184055066,0.019112260651584487,0.027964119835639553
2024-10-16,0.001596320300009113,-0.014032973622275971,-0.015629293922285084
2024-10-17,0.01227657195109133,-0.010130079489170593,-0.022406651440261924
2024-10-18,0.006297854159740712,-0.006040711373780899,-0.012338565533521612
2024-10-21,-0.002621765597043635,0.002575832118137597,0.005197597715181232
2024-10-22,-0.021623022514703605,-0.00919374777336554,0.012429274741338064
2024-10-23,-0.0008233107433687215,-0.01132096074723142,-0.010497650003862699
2024-10-24,0.0036431292501519774,-0.0028825506288266134,-0.006525679878978591
2024-10-25,0.008599413175243154,0.015198209137754486,0.006598795962511332
2024-10-28,0.0011568306749001334,0.00831390300418243,0.007157072329282296
2024-10-29,-0.015277922255336196,0.0032732751386952003,0.018551197394031396
2024-10-30,-0.01820948426885871,0.013052631776540792,0.0312621160453995
2024-10-31,-0.013279624414008095,0.012078743307974336,0.025358367721982432
2024-11-01,-0.004037544930633463,0.02281777112829582,0.026855316058929282
2024-11-04,0.006486205472888695,0.010799591415600232,0.004313385942711537
2024-11-05,-0.0032669310248778505,0.009087235739717453,0.012354166764595303
2024-11-06,0.02137210165565251,0.02497540529384372,0.0036033036381912104
2024-11-07,-0.0022858669924307184,0.018101893966262307,0.020387760958693026
2024-11-08,-0.01202859933719469,0.01970323514789589,0.03173183448509058
2024-11-11,0.0,-0.005691118921870464,-0.005691118921870464
2024-11-12,0.003969136184303723,0.0007569118599792951,-0.003212224324324428
2024-11-13,0.013770460957508002,0.0033562205877852302,-0.010414240369722771
2024-11-14,-0.014109198157391867,0.003027112576065513,0.01713631073345738
2024-11-15,0.013422241210937491,0.004563361846455449,-0.008858879364482042
2024-11-18,0.0011402267431117608,0.01483927872587068,0.01369905198275892
2024-11-19,0.0031540267415159917,0.015455117612939294,0.012301090871423302
2024-11-20,-0.002096051211960992,0.002560923902650017,0.004656975114611009
2024-11-21,0.005907539031537068,-0.008683369036445204,-0.014590908067982272
2024-11-22,0.013050855108212911,0.006516633899868812,-0.006534221208344099
2024-11-25,0.009404399395912533,-0.0025104108038577766,-0.01191481019977031
2024-11-26,-0.000553071063399857,0.006340287561414637,0.006893358624814494
2024-11-27,0.01021584825308186,0.009016523235479496,-0.001199325017602365
2024-11-29,0.009522582435425697,0.0031406840526251034,-0.006381898382800594
2024-12-02,0.01277180852859261,0.009279684056231502,-0.003492124472361108
2024-12-03,0.0014836209330593153,-0.006396605860066379,-0.007880226793125694
2024-12-04,0.00012344668933361724,-0.0020439789948845377,-0.002167425684218155
2024-12-05,-0.0008228972752098995,0.0011097866119334082,0.0019326838871433077
2024-12-06,0.01610115187396466,0.004958952278502626,-0.011142199595462032
2024-12-09,0.004133755916761572,0.001367090697710932,-0.0027666652190506402
2024-12-10,-0.005166076430661581,-0.0036999732394789736,0.0014661031911826078
2024-12-11,0.005963735599591624,0.01549146611496783,0.009527730515376205
2024-12-12,0.0006855870476785153,0.0032132710015459476,0.0025276839538674323
2024-12-13,0.011727676403724852,0.002767662482674363,-0.008960013921050489
2024-12-16,0.009719576588042456,0.0019705965440877105,-0.007748980043954745
2024-12-17,-0.021421779893107784,-0.0043130881269018845,0.0171086917662059
2024-12-18,0.007014675319362729,0.010933604710301872,0.003918929390939144
2024-12-19,0.018815854651340613,0.011559883349085143,-0.007255971302255471
2024-12-20,0.0030649485734630666,-0.005708393345681892,-0.008773341919144959
2024-12-23,0.011478073747524853,-0.008675546948825899,-0.020153620696350752
2024-12-24,0.003175742710589624,-0.007913064333274156,-0.01108880704386378
2024-12-26,-0.013242192962953925,0.0019691656046771505,0.015211358567631075
2024-12-27,-0.013263427513676485,-0.016129788212030968,-0.0028663606983544837
2024-12-30,-0.007057885808230857,-0.007473192995368985,-0.0004153071871381281
2024-12-31,-0.026235892155055618,-0.004792349141772387,0.02144354301328323
2025-01-02,-0.0020094545044057055,-0.01210881241675095,-0.010099357912345244
2025-01-03,0.006738984983297502,0.00543209769725099,-0.0013068872860465125
2025-01-06,-0.011387727698501271,0.01783451877288169,0.02922224647138296
2025-01-07,0.0020229974847978394,0.017731944185892974,0.015708946701095135
2025-01-08,-0.024103794471716178,0.004455666769109454,0.02855946124082563
2025-01-10,-0.010344150913639716,-0.005228232253352574,0.0051159186602871415
2025-01-13,-0.004778136289893098,-0.009637549058176514,-0.0048594127682834165
2025-01-14,0.019675910330543056,0.015200228239602945,-0.004475682090940111
2025-01-15,-0.040400222002010655,0.016839816040560028,0.05724003804257068
2025-01-16,0.007535272330218223,0.019972442777292557,0.012437170447074333
2025-01-17,-0.031915803436166845,0.018183048243526893,0.05009885167969374
2025-01-21,0.00534496247156202,0.02024505948393461,0.01490009701237259
2025-01-22,-0.0007594967946863429,0.02209468359522066,0.022854180389907004
2025-01-23,-0.003934565270516388,0.023557386953716855,0.027491952224233243
2025-01-24,0.03178024001189028,0.019136942001890443,-0.012643298009999838
2025-01-27,0.036543956643956044,0.020676157398993908,-0.015867799244962136
2025-01-28,0.004616830894303092,0.018932649455689517,0.014315818561386424
2025-01-29,-0.0073947370820001135,0.002438403749350962,0.009833140831351075
2025-01-30,-0.006692185539787565,0.002307988965234889,0.009000174505022454
2025-01-31,-0.033855955479508704,-0.012611223036326627,0.021244732443182077
2025-02-03,0.021007888515072404,-0.0037324170756811437,-0.024740305590753547
2025-02-04,-0.0014175336199687694,-0.002564282337085666,-0.0011467487171168966
2025-02-05,0.00322622272147699,0.01506347034583437,0.01183724762435738
2025-02-06,-0.023968769010513147,0.02218013745255821,0.046148906463071356
2025-02-07,8.781361526644105e-05,0.06106553076022683,0.06097771714496039
2025-02-10,0.021831765227118938,0.0549245591669769,0.033092793939857965
2025-02-11,0.018270140526221557,0.03818470931977634,0.019914568793554785
2025-02-12,0.01967325435120615,0.013561219674201513,-0.006112034677004635
2025-02-13,0.012710666748373622,0.007514476633597111,-0.005196190114776511
2025-02-14,-0.0005314999164697243,0.014640645573403721,0.015172145489873445
2025-02-18,0.001636167605379324,0.013530098569930746,0.011893930964551422
2025-02-19,0.003920475080696484,0.0025685667316432265,-0.0013519083490532574
2025-02-20,-0.001138993520771736,0.0025716884745794477,0.003710681995351184
2025-02-21,0.00631237235794746,0.01199265308919445,0.005680280731246989
2025-02-24,-0.0002428685386501872,0.009378809002561883,0.00962167754121207
2025-02-25,-0.027040126527384523,0.010088557221732547,0.03712868374911707
2025-02-26,-0.012730893454915293,0.01420106095410819,0.026931954409023483
2025-02-27,0.019131872009047424,0.038782488813403904,0.01965061680435648
2025-02-28,-0.01575420780800274,-0.018588588023900066,-0.0028343802158973253
2025-03-03,-0.00882244302938795,0.024109737116560177,0.03293218014594813
2025-03-04,-0.0008052693108767661,0.023988148981667637,0.024793418292544403
2025-03-05,-0.0017392197020257294,-0.008189789551199922,-0.0064505698491741925
2025-03-06,0.015892599600832114,0.02403907936503029,0.008146479764198175
2025-03-07,-0.04847957184759566,0.018007130523120606,0.06648670237071627
2025-03-10,-0.029189377151217277,0.003349158986266365,0.03253853613748364
2025-03-11,-0.017478720677234882,0.01314794962465022,0.030626670301885102
2025-03-12,-0.03364366852013578,0.030447125231237444,0.06409079375137322
2025-03-13,0.01817060735629683,0.04485305036676803,0.0266824430104712
2025-03-14,0.00238884488132296,0.016263036255317997,0.013874191373995037
2025-03-17,-0.006121483918662407,0.02624445950866603,0.03236594342732844
2025-03-18,0.011989294383784266,0.03785399251271083,0.025864698128926562
2025-03-19,-0.0052964103352275416,0.045403791812789245,0.050700202148016786
2025-03-20,0.019476870855058115,0.040405787020895576,0.02092891616583746
2025-03-21,0.011270405492856295,0.011049320949749628,-0.00022108454310666714
2025-03-24,0.013681893403326706,0.009547759696136568,-0.004134133707190138
2025-03-25,-0.009921793165153625,0.010543276277638639,0.020465069442792264
2025-03-26,0.010472655337889991,0.01170962877308411,0.0012369734351941192
2025-03-27,-0.026580353115021937,0.014449612033720187,0.041029965148742124
2025-03-28,0.019412625538381745,0.025904971143196863,0.006492345604815118
2025-03-31,0.0047719692760685994,0.019180984951550253,0.014409015675481654
2025-04-01,0.003136327526256366,0.013054559896499278,0.009918232370242912
2025-04-02,-0.09245610346452682,0.020264007808323242,0.11272011127285006
2025-04-03,-0.07288743235713335,0.09252161116634672,0.16540904352348007
2025-04-04,-0.036734249865053914,0.17053154776965268,0.2072657976347066
2025-04-07,-0.049818186985832624,0.2066194859850728,0.2564376729709054
2025-04-08,0.15328852926139658,0.2000422548455505,0.046753725584153916
2025-04-09,-0.04239380274487847,0.00554610053473345,0.04793990327961192
2025-04-10,0.0405944533235465,0.11437052846401836,0.07377607514047187
2025-04-11,0.022054052538903912,0.07553723766397737,0.053483185125073454
2025-04-14,-0.0018763819612667154,0.058270371093005015,0.06014675305427173
2025-04-15,-0.038933388448355366,0.03664622098538853,0.0755796094337439
2025-04-16,0.013949613401343264,0.021485832873209064,0.0075362194718658
2025-04-17,-0.019392791899099593,0.033001641595905865,0.05239443349500546
2025-04-21,0.03406503264808869,0.036251052455287334,0.0021860198071986456
2025-04-22,0.024331633507028716,0.04121106597633395,0.016879432469305233
2025-04-23,0.018426143212158408,0.060704068846318474,0.042277925634160066
2025-04-24,0.0043672490446504675,0.0311465456307981,0.02677929658614763
2025-04-25,0.0041093301575299,0.06527864932993663,0.06116931917240673
2025-04-28,0.005091878401668248,0.05874332441357048,0.053651446011902235
2025-04-29,0.006107633374967891,0.06286886591800224,0.05676123254303435
2025-04-30,0.0038588579963234615,0.06370547624883599,0.05984661825251253
2025-05-01,-0.0373617145464924,0.11080790981249292,0.1481696243589853
2025-05-02,-0.03145851727226512,0.1242679844158348,0.15572650168809993
2025-05-05,-0.0019106284075551816,0.15429270323229594,0.15620333163985112
2025-05-06,-0.011384789528862349,0.13589921727664514,0.1472840068055075
2025-05-07,0.006318499328224592,0.10066971525882487,0.09435121593060028
2025-05-08,0.0052660552797889615,0.05773282678413456,0.052466771504345595
2025-05-09,0.06175386381009962,0.05074544973693383,-0.011008414073165787
2025-05-12,0.010152281691776288,0.008620948356734576,-0.0015313333350417124
2025-05-13,-0.0028177845553216674,0.012066854487289377,0.014884639042611045
2025-05-14,-0.004144515024837148,0.007231962780025039,0.011376477804862187
2025-05-15,-0.0008985691376138805,-0.001029262373131501,-0.00013069323551762047
2025-05-16,-0.011739069355408915,-0.0002621070566213163,0.011476962298787599
2025-05-19,-0.009196274452396014,-0.010179556178750784,-0.0009832817263547705
2025-05-20,-0.02305909435553888,-0.00022705256945221297,0.022832041786086665
2025-05-21,-0.003612230891026025,0.020831656695196335,0.02444388758622236
2025-05-22,-0.03024432021966106,0.024868379367992355,0.05511269958765341
2025-05-23,0.025298316860348224,0.05147672152782384,0.02617840466747562
2025-05-27,0.0010488559414427723,0.014405018269587039,0.013356162328144267
2025-05-28,-0.0023450814539321962,0.029370657996664294,0.03171573945059649
2025-05-29,0.0045011711378339925,0.0155778719014514,0.011076700763617407
2025-05-30,0.0042319682295079986,0.011016734557410118,0.00678476632790212
2025-06-02,0.0077838738124602624,0.02149104525262096,0.013707171440160697
2025-06-03,-0.00221378923984783,0.012585937314433089,0.014799726554280919
2025-06-04,-0.010797763348392997,0.023000914977145945,0.03379867832553894
2025-06-05,0.0163983113495636,0.016390280147671202,-8.031201892397255e-06
2025-06-06,-0.012112599268742419,0.011675506888765647,0.023788106157508065
2025-06-09,0.0060560994747325125,0.014872604024104459,0.008816504549371947
2025-06-10,-0.019193760422328232,0.0013807761548779163,0.02057453657720615
2025-06-11,0.002112879422097258,0.0024052657140915396,0.00029238629199428157
2025-06-12,-0.013805221095031128,-0.002614015384555718,0.01119120571047541
2025-06-13,0.010028003315378786,0.0035547217645225115,-0.006473281550856275
2025-06-16,-0.014010678383989505,0.002180290055416298,0.016190968439405803
2025-06-17,0.004804755900321256,0.010460676029732982,0.005655920129411726
2025-06-18,0.022484475164182616,0.007881056674601455,-0.01460341848958116
2025-06-20,0.0024875621890547706,0.003542338047222815,0.0010547758581680444
2025-06-23,-0.005955319842392948,-0.0005549111343286645,0.005400408708064283
2025-06-24,0.0062905366332437485,0.0072514122767267375,0.000960875643482989
2025-06-25,-0.002778316954637594,0.0068262430281429,0.009604559982780494
2025-06-26,0.00039801905997349785,0.0011644927046133985,0.0007664736446399006
2025-06-27,0.020340144721736175,-0.0008336982992938752,-0.02117384302103005
2025-06-30,0.012916163079025322,-0.00779761792451443,-0.020713781003539752
2025-07-01,0.022230752354752248,0.0032869868143357434,-0.018943765540416505
2025-07-02,0.005225007520218483,-0.00810653876587153,-0.013331546286090012
2025-07-03,-0.016857907057220234,-0.001700078686231024,0.01515782837098921
2025-07-07,0.00028577070476720756,0.003755181103815619,0.0034694103990484115
2025-07-08,0.005380719548448543,-0.004171874993884689,-0.009552594542333231
2025-07-09,0.0060149866256142825,-0.008222017387996619,-0.014237004013610902
2025-07-10,-0.005884845244805148,0.006752983687947453,0.012637828932752601
2025-07-11,-0.012028833590031152,0.015374857480715931,0.027403691070747083
2025-07-14,0.0023487944810314243,0.02558681075296914,0.023238016271937716
2025-07-15,0.005021295245053015,0.03504435637120795,0.030023061126154937
2025-07-16,-0.0006661562010320532,0.021951025615007537,0.02261718181603959
2025-07-17,0.005523228167424676,0.011445167246458214,0.005921939079033538
2025-07-18,0.006155900638530998,0.0006861646383077846,-0.005469736000223213
2025-07-21,0.00903613614246912,0.018870517062207354,0.009834380919738234
2025-07-22,-0.0011660448093142595,0.0008946494451826797,0.002060694254496939
2025-07-23,-0.0018211505989440546,-0.007468611746587403,-0.005647461147643348
2025-07-24,0.0005614258002459849,0.008351980442616577,0.007790554642370592
2025-07-25,0.0007948296477664485,0.0008507854342379995,5.595578647155097e-05
2025-07-28,-0.012987613826964783,-0.0022008313473338426,0.01078678247963094
2025-07-29,-0.010507886476113892,-0.001908776692163161,0.008599109783950731
2025-07-30,-0.007079625476841711,-0.006550087771705987,0.0005295377051357242
2025-07-31,-0.025003624118486445,0.007868655562717361,0.032872279681203806
2025-08-01,0.004792969647692269,0.015728278687298182,0.010935309039605913
2025-08-04,-0.002114619727876521,0.010759353441252659,0.01287397316912918
2025-08-05,0.05090677076812433,0.007982096767219019,-0.042924674000905313
2025-08-06,0.03179366367782821,0.003419603934727844,-0.028374059743100366
2025-08-07,0.04235789381413979,-0.010082521917022635,-0.052440415731162426
2025-08-08,-0.009461579986856261,-0.007655439500625333,0.0018061404862309283
2025-08-11,0.010872441677679756,-0.02001721662240459,-0.030889658300084347
2025-08-12,0.01602441991019199,-0.007282083307627182,-0.02330650321781917
2025-08-13,-0.0023571895917441354,-0.010716103539182079,-0.008358913947437943
2025-08-14,-0.005112133549474374,-0.022143333189755712,-0.01703119964028134
2025-08-15,-0.0030225698834628334,-0.019558370021590346,-0.016535800138127513
2025-08-18,-0.001429259958971918,0.007224644606724659,0.008653904565696577
2025-08-19,-0.019734572779050663,0.022902266066132757,0.04263683884518342
2025-08-20,-0.004911289931109564,0.02660922025061086,0.031520510181720425
2025-08-21,0.012716766064777785,0.023709441739622278,0.010992675674844493
2025-08-22,-0.0026343118159346535,0.022353823291251816,0.02498813510718647
2025-08-25,0.009464667467088184,0.03547326526953637,0.026008597802448186
2025-08-26,0.00514590705653295,0.011173079349596382,0.006027172293063432
2025-08-27,0.008980832210059075,0.011001472707014626,0.0020206404969555503
2025-08-28,-0.00180597769760249,0.0012186198177971397,0.0030245975153996296
2025-08-29,-0.010424735828844955,-0.0014182726305216053,0.00900646319832335
2025-09-02,0.038089848308826335,-0.015032325050972462,-0.0531221733597988
2025-09-03,0.005493343195739575,-0.004898600383898624,-0.0103919435796382
2025-09-04,-0.00037532879451496193,-0.009901617122810374,-0.009526288328295412
2025-09-05,-0.007551410322323426,-0.006459797814923299,0.0010916125074001276
2025-09-08,-0.014839409394815983,-0.016228950901028924,-0.0013895415062129407
2025-09-09,-0.03225949486019408,-0.005878676085318335,0.026380818774875747
2025-09-10,0.014286368839370622,-0.01919494706756361,-0.033481315906934234
2025-09-11,0.017562963814985233,-0.010804635896942305,-0.028367599711927538
2025-09-12,0.011235910376080627,-0.006280462064448891,-0.017516372440529518
2025-09-15,0.0061258849469238985,-0.0015965890261299132,-0.007722473973053812
2025-09-16,0.0035272375318422533,0.017722029691608118,0.014194792159765865
2025-09-17,-0.0046445482440198305,0.0021862062270324722,0.006830754471052303
2025-09-18,0.03203293660995743,-0.004833174272584936,-0.036866110882542366
2025-09-19,0.04309566831880085,-0.008810027004240148,-0.051905695323041
2025-09-22,-0.006443275472520216,-0.00714866312636224,-0.000705387653842024
2025-09-23,-0.008332331793480807,-0.008991245128800063,-0.0006589133353192556
2025-09-24,0.018072995928489766,-0.007078844790904273,-0.02515184071939404
2025-09-25,-0.005489112898051984,-0.006980570550688611,-0.0014914576526366269
2025-09-26,-0.004031997224675621,-0.0025296055949278196,0.0015023916297478013
2025-09-29,0.0007861188255666729,-0.01764011801001833,-0.018426236835585003
2025-09-30,0.003220327729275496,-0.005870392938871094,-0.00909072066814659
2025-10-01,0.00657666061710982,0.02054199630699039,0.013965335689880572
2025-10-02,0.0034612223931820285,0.0070432163499157124,0.003581993956733684
2025-10-03,-0.005154587353288997,0.01942783664079511,0.024582423994084106
2025-10-06,-0.0008180741481198517,0.005428653542218012,0.006246727690337864
2025-10-07,0.006160271773966164,0.008700889220323776,0.0025406174463576126
2025-10-08,-0.015577789314472068,0.009153913992566917,0.024731703307038985
2025-10-09,-0.034522080166306646,-0.006881253297495463,0.027640826868811183
2025-10-10,0.009744360696440912,-0.00014270728202216143,-0.009887067978463074
2025-10-13,0.0004441597703503941,-0.002949167546101486,-0.00339332731645188
2025-10-14,0.0063364896410271765,0.0018365630605919753,-0.004499926580435201
2025-10-15,-0.007580008893106838,0.005433864048619508,0.013013872941726345
2025-10-16,0.019559492412937862,-0.00463158863970782,-0.024191081052645683
2025-10-17,0.03943873008454002,0.010894593690149917,-0.0285441363943901
2025-10-20,0.002021044840732289,0.01780290355193328,0.01578185871120099
2025-10-21,-0.016440145325788524,0.010216357497475848,0.026656502823264372
2025-10-22,0.004372119604812541,-0.027656425166636356,-0.0320285447714489
2025-10-23,0.012481781799657865,-0.006254267072320366,-0.01873604887197823
2025-10-24,0.02279122619072771,-0.000624593803868409,-0.023415819994596118
2025-10-27,0.0007068280314419528,-0.007936270271817161,-0.008643098303259114
2025-10-28,0.0026022758625696696,-0.008530228106074983,-0.011132503968644653
2025-10-29,0.006303231785351748,-0.007503683384513474,-0.013806915169865222
2025-10-30,-0.0037951319176879883,-0.0043013440821139115,-0.0005062121644259232
2025-10-31,-0.0048822256465500535,-0.007376427537962527,-0.002494201891412473
2025-11-03,0.003679690752169673,-0.028280625961953257,-0.03196031671412293
2025-11-04,0.00037033809935982376,-0.006261424866326332,-0.006631762965686155
2025-11-05,-0.001369754996301431,-3.721617034782576e-05,0.0013325388259536053
2025-11-06,-0.004818874767062664,0.022209963643792095,0.02702883841085476
2025-11-07,0.003575786682732396,0.009426474204820554,0.005850687522088158
2025-11-10,0.021601185771556786,0.0073326325008020304,-0.014268553270754755
2025-11-11,-0.006466843884820661,-0.005768803241291268,0.0006980406435293934
2025-11-12,-0.0019014480979659965,-0.01235789490304011,-0.010456446805074113
2025-11-13,-0.0019784155368063328,-0.004202819952621409,-0.002224404415815076
